Ananas;48;201;12,63;0,54;0,12;Voce
Articoka;47;197;10,51;3,27;0,15;Povrce
Bakalar;105;439;0;22,8;0,833;Riba
Bakalar (suvi, suseni);290;1213;0;63;2,37;Riba
Banana;89;372;22,84;1,09;0,33;Voce
Vino, bijelo (belo);82;343;2,6;0.07;0;Pica
Bjelance (belance), kokosje;52;217;0,73;10,9;0,17;Jaja
Blitva;19;79;3,74;1,8;0,2;Povrce
Bob mahune;88;368;17,63;7,92;0,73;Povrce
Bob sjemenke;341;1425;58,29;26,12;1,53;Povrce
Bomboni tvrdi (obicni);394;1648;98;0;0,2;Slatkisi
Bomboni karamele;382;1598;77;4,6;8,1;Slatkisi
Borovnice;57;238;14,49;0,74;0,33;Voce
Breskva;39;164;9,54;0,91;0,25;Voce
Brokoli (brokula);34;141;6,64;2,82;0,37;Povrce
Brusnice;46;192;12,2;0,39;0,13;Voce
Bubrezi govedji;99;413;0,29;17,4;3,09;Meso
Bubrezi janjeci;97;406;0,82;15,74;2,95;Meso
Bubrezi svinjski;100;418;0;16,46;3,25;Meso
Mahune (boranija, buranija), zelene (mlade);31;131;6,97;1,83;0,22;Povrce
Mahune (boranija, buranija), zute (zrele);31;129;7,13;1,82;0,12;Povrce
Kamamber (camembert) sir;300;1253;0,46;19,8;24,26;Mlijecni proizvodi
Celer;16;67;2,97;0,69;0,17;Povrce
Cedar (Cheddar) sir;404;1689;3,09;22,87;33,31;Mlijecni proizvodi
Cvekla (cikla);43;180;9,56;1,61;0,17;Povrce
Cvekla (cikla), kuvana, konzervisana;32;134;7;1,1;0,1;Povrce
Cipal;117;490;0;19,35;3,79;Riba
Vino crno (crveno);85;356;2,61;0,07;0;Pica
Dagnje;86;360;3,69;11,9;2,24;Riba
Dinja;34;142;8,16;0,84;0,19;Voce
Dunja;57;238;15,3;0,4;0,1;Voce
Edamer sir;357;1499;1,43;24,99;27,8;Mlijecni proizvodi
Ementaler sir;397;1661;0;29;31,4;Mlijecni proizvodi
Fazan cijeli (celi);181;757;0;22,7;9,29;Meso
Gauda (gouda) sir;356;1491;2,22;24,94;27,44;Mlijecni proizvodi
Gavun;97;406;0;17,63;2,42;Riba
Golub mladi (samo meso);134;561;0;21,76;4,52;Meso
Golub odrasli, cijeli (celi);294;1230;0;18,47;23,8;Meso
Gorgonzola, plavi sir;353;1477;2,34;21,4;28,74;Mlijecni proizvodi
Govedina (junetina);276;1155;0;14,97;23,52;Meso
Govedina (junetina), but, krtina;142;594;0;21,59;5,53;Meso
Govedina (junetina), slabine;201;842;0;20,3;12,71;Meso
Govedina (junetina) prsa;252;1053;0;16,8;20,5;Meso
Govedina (junetina) rostbraten;290;1212;0;16;25,1;Meso
Govedina (junetina) srednje masna;214;895;0;18,8;15,4;Meso
Pasulj (grah), bijeli (beli), tetovac;333;1393;60,27;23,36;0,85;Povrce
Pasulj (grah) mladi, sareni (tresnjevac), smrznuti;170;711;32,5;9,8;0,5;Povrce
Pasulj (grah), sareni (tresnjevac);347;1452;62,55;21,42;1,23;Povrce
Graham hljeb (kruh, hleb);217,9;912;42,7;7,8;1,4;Zitarice
Grasak zeleni (u zrnu), smrznuti;77;322;13,62;5,22;0,4;Povrce
Grasak zeleni (u zrnu);81;339;14,45;5,42;0,4;Povrce
Grejpfrut;32;134;8,08;0,63;0,1;Voce
Grgec (bandar);91;381;0;19,39;0,92;Riba
Grozdje crno (crveno) i bijelo (belo);69;288;18,1;0,72;0,16;Voce
Grozdjice (grozdje suvo);299;1252;79,18;3,07;0,46;Voce
Guma za zvakanje (zvakaca guma, zvaka);360;1507;96,7;0;0,3;Slatkisi
Gumeni bomboni;396;1657;98,9;0;0;Slatkisi
Guska, cijela (cela);371;1552;0;15,86;33,62;Meso
Guska (samo meso);161;674;0;22,75;7,13;Meso
Hamburger (od govedjeg mesa);360;1505;4;14;32;Gotova jela
Haringa (sledj), pacificka;195;816;0;16,39;13,88;Riba
Haringa (sledj), atlantska;158;661;0;17,96;9,04;Riba
Heljdina kasa;346;1446;74;8;2;Zitarice
Heljdino (heljda) brasno, integralno;335;1402;70,59;12,62;3,1;Zitarice
Hlap (rarog, lap) rak;77;324;0;16,52;0,75;Riba
Hljeb (hleb, kruh) kukuruzni zuti domaci (kukuruza, proja);418;1749;69,5;7;12,2;Zitarice
Hljeb (hleb, kruh) mijesani (psenica+raz);230;961;39;14;2;Zitarice
Hljeb (hleb kruh) psenicni bijeli;234;978;46;8;2;Zitarice
Hljeb (hleb, kruh) psenicni bijeli mlijecni;239;999;44;9;3;Zitarice
Hljeb (hleb, kruh) psenicni crni;222;928;43;8;2;Zitarice
Hobotnica;82;343;2,2;14,91;1,04;Riba
Hren (ren);48;201;11,29;1,18;0,69;Umaci
Hrenovke (virsle), govedina + svinjetina;305;1276;1,72;11,53;27,64;Meso
Hrenovke (virsle) pilece;223;933;2,74;15,51;16,19;Meso
Incun;131;548;0;20,35;4,84;Riba
Incun, konzerviran u ulju, ocijedjen;210;879;0;28,89;9,71;Riba
Iverak (pasara, ploca);70;294;0;12,41;1,93;Riba
Jabuka;52;218;13,81;0,26;0,17;Voce
Jaffa cakes orange classic, Crvenka;378;1595;69;4,1;9;Slatkisi
Jagode;33;136;7,68;0,67;0,3;Voce
Jaje guscje, cijelo (celo);185;775;1,35;13,87;13,27;Jaja
Jaje kokosje, cijelo (celo);147;614;0,77;dec.58;sep.94;Jaja
Jaje kokosje u prahu cijelo, (celo);592;2476;1,13;48,05;43,9;Jaja
Jaje pacje cijelo (celo);185;776;1,45;12,81;13,77;Jaja
Jaje prepelice, cijelo (celo);158;663;0,41;13,05;11,09;Jaja
Jaje purece, cijelo (celo);171;716;1,15;13,68;11,88;Jaja
Jakopska (jakobova) kapica;69;289;3,18;12,06;0,49;Riba
Janjetina (jagnjetina) nemasna;243;1017;0;17,54;18,66;Meso
Jastog;112;469;2,43;20,6;1,51;Riba
Jegulja;184;770;0;18,44;11,66;Riba
Meso jelena i srnetina;120;502;0;22,96;2,42;Meso
Jesetra;105;439;0;16,14;4,04;Riba
Jetra govedja;135;564;3,89;20,36;3,63;Meso
Jetra pileca;119;496;0,73;16,92;4,83;Meso
Jetra svinjska;134;561;2,47;21,39;3,65;Meso
Jetra teleca;140;586;2,91;19,93;4,85;Meso
Jetrena pasteta (prosjecno);325;1359;2;14;29;Meso
Jezik govedji;224;937;3,68;14,9;16,09;Meso
Jecmena kasa;360;1505;83,6;7,9;1,7;Zitarice
Jogurt 0% MM;32,8;137;4,6;3,5;0,05;Mlijecni proizvodi
Jogurt 0,5% MM;34;142;4;3,2;0,5;Mlijecni proizvodi
Jogurt 1% MM;42,6;178,8;5,2;3,2;1;Mlijecni proizvodi
Jogurt 1,5% MM;45;188;4,1;3,3;1,5;Mlijecni proizvodi
Jogurt 2,8% mm;52,8;221;4;2,9;2,8;Mlijecni proizvodi
Jogurt 3,2% mm;61;255;4,7;3,5;3,2;Mlijecni proizvodi
Jogurt vocni, nemasni;95;399;19;4,4;0,2;Mlijecni proizvodi
Kakao mix, u prahu;398;1664;83,73;6,67;4;Pica
Kakao prah, nezasladjen;228;952;57,9;19,6;13,7;Slatkisi
Kamenica (ostriga);125;524;0;21,55;3,67;Riba
Karfiol (cvjetaca), zeleni;31;130;6,09;2,95;0,3;Povrce
Karfiol, (cvjetaca);25;105;5,3;1,98;0,1;Povrce
Kavijar, crni i crveni, granulirani;264;1105;4;24,6;17,9;Riba
Kefir;60;251;3;3;4;Mlijecni proizvodi
Keks petit beurre;415;1735;67,4;6;8,2;Slatkisi
Keks sa cokoladnim preljevom;524;2190;67,4;5,7;27,6;Slatkisi
Kelj;27;113;6,1;2;0,1;Povrce
Kelj papucar (prokulica);43;179;8,95;3,38;0,3;Povrce
Kecap, Heinz;88;368;23,53;0;0;Umaci
Kivi (kiwi);61;255;14,66;1,14;0,52;Voce
Klen;79;330;0;13,4;2,8;Riba
Kobasica (prosjecno);401;1676;3;14;37;Meso
Kobasice (govedina i svinjetina);394;1647;0;14,2;37,4;Meso
Kobasice svinjske (dimljene);387;1618;2;21,9;31,3;Meso
Kobasice svinjske (suve, susene);513;2144;0;21,3;47,5;Meso
Kokice, kokane na vazduhu;387;1619;77,78;12,94;4,54;Zitarice
Kokosovo brasno, bez secera;660;2761;23,65;6,88;64,53;Voce
Kokosovo brasno, sa secerom;501;2096;47,67;2,88;35,49;Slatkisi
Kokos (cijela);186;777;0,2;21,5;11;Meso
Mirodjija (kopar) list, svjez;43;180;7,02;3,46;1,12;Zacini
Kompot od ananasa;77;322;20,2;0,3;0;Slatkisi
Kompot od bresaka;87;364;22,9;0,4;0;Slatkisi
Kompot od krusaka;77;322;20;0,4;0;Slatkisi
Kompot od tresanja ili visanja;78;326;19;0,4;0;Slatkisi
Kompot od sljiva;70;293;17;0,4;0;Slatkisi
Konjetina (srednje masno);110;460;0;20,9;2,8;Meso
Kornjaca (zelena);89;372;0;19,8;0,5;Meso
Kovac;78;326;1,2;16,2;0,9;Riba
Kozice, gamberi (gambori), svjezi;85;356;0;20,1;0,51;Riba
Kozje meso;165;690;0;18,7;9,4;Meso
Kostana srz;849;3549;0;3,2;89,9;Meso
Krastavac kiseli;11;44;2,26;0,33;0,2;Povrce
Krastavac;15;65;3,63;0,65;0,11;Povrce
Krekeri (masni);465;1944;70;8;17;Slatkisi
Krompir (krumpir);77;322;17,49;2,05;0,09;Povrce
Krompir (krumpir), bijeli (beli);69;288;15,71;1,68;0,1;Povrce
Krompir (krumpir), crveni;70;295;15,9;1,89;0,14;Povrce
Krvavice;380;1588;1,2;14,8;34,4;Meso
Kukuruz, zuti, slatki, kuvan (baren), ocijedjen, bez soli;96;401;20,98;3,41;1,5;Povrce
Kukuruz, zuti, u zrnu;365;1527;74,26;9,42;4,74;Zitarice
Kukuruzne pahuljice (cornflakes);357;1494;84,1;7,5;0,4;Zitarice
Kukuruzno brasno, cjelovito, zuto, bijelo;361;1510;76,85;6,93;3,86;Zitarice
Kupus, kineski;13;55;2,18;1,5;0,2;Povrce
Kupus i repa kiseli;20;84;3;2;0,3;Povrce
Lignja;77;322;1;16;1;Riba
Limun;29;121;9,32;1,1;0,3;Voce
Limunada, napravljena sa vodom;40;167;10,41;0,08;0,04;Pica
Linjak;71;297;0;15;1,2;Riba
List;83;347;0,9;15,9;1,7;Riba
Loj govedji;902;3774;0;0;100;Masnoce
Loj ovciji;902;3774;0;0;100;Masnoce
Losos;208;871;0;20,42;13,42;Riba
Lubenica;30;126;7,55;0,61;0,15;Voce
Lubin (brancin);97;406;0;19,3;2;Riba
Luk mladi;27;112;5,74;0,97;0,47;Povrce
Luk bijeli (beli);149;623;33,06;6,36;0,5;Povrce
Luk crveni (crni);40;166;9,34;1,1;0,1;Povrce
Majonez, obicni;680;2844;0,57;0,96;74,85;Umaci
Majonez lajt (light);238;997;9,23;0,37;22,22;Umaci
Munchmallow;416;1747;60,5;4,3;16,9;Slatkisi
Mandarina;53;223;13,34;0,81;0,31;Voce
Mango;60;250;14,98;0,82;0,38;Voce
Margarin (biljna ulja);719;3007;0,9;0,9;80,5;Masnoce
Ulje palmino;884;3699;0;0;100;Masnoce
Ulje kanole (kanolino ulje);884;3699;0;0;100;Masnoce
Maslac, neslani;717;2999;0,06;0,85;81,11;Masnoce
Maslac, slani;717;2999;0,06;0,85;81,11;Masnoce
Masline zelene, kisele;145;609;3,84;1,03;15,32;Voce
Mast guscija;900;3767;0;0;99,8;Masnoce
Mast kokosja;900;3766;0;0;99,8;Masnoce
Mast pacja;882;3691;0;0;99,8;Masnoce
Mast pureca;900;3767;0;0;99,8;Masnoce
Mast svinjska;902;3774;0;0;100;Masnoce
Matovilac (repusac);21;88;3,6;2;0,4;Povrce
Mesni narezak (svinjsko + govedje);338;1413;4;13;30;Meso
Mesni narezak (svinjsko meso);424;1772;4;5;40;Meso
Mlijeko (mleko), kozje;69;288;4,45;3,56;4,14;Mlijecni proizvodi
Mlijeko (mleko) kravlje 1,8% mm;49;205;5;3,5;1,8;Mlijecni proizvodi
Mlijeko (mleko), kravlje 3.2% mm;60;251;4,5;3,25;3,25;Mlijecni proizvodi
Mlijeko (mleko), kravlje obrano;33;138;4,7;3,4;0,2;Mlijecni proizvodi
Mlijeko (mleko), kravlje 3,8% mm, punomasno;64;268;4,7;3,3;3,8;Mlijecni proizvodi
Mlijeko (mleko), obrano u prahu;336;1404;50,9;34,9;0,7;Mlijecni proizvodi
Mlijeko (mleko), ovcije;99;414;3,8;5,7;6,9;Mlijecni proizvodi
Mlijeko (mleko) punomasno u prahu;480;2006;39,8;26,3;25,1;Mlijecni proizvodi
Mlijeko (mleko) zene;69;288;7,2;1,3;4,1;Mlijecni proizvodi
Mljeveno, mijesano meso;210;878;0;18,8;15,4;Meso
Morski pas (ajkula);130;544;0;20,98;4,51;Riba
Mortadela;415;1735;0;13,9;39,9;Meso
Sir, neobrano kravlje mlijeko, Mozzarella (Mocarela);300;1255;2,19;22,17;22,35;Mlijecni priozvodi
Mrena;84;351;0,1;14;3,1;Riba
Sargarepa (mrkva);41;173;9,58;0,93;0,24;Povrce
Mrvice hljebne (hlebne), suve (susene), bijelo psenicno brasno, komercijalno pripravljene;395;1653;71,98;13,35;5,3;Zitarice
Muesli (prosjek);314;1313;55,8;11,4;6,4;Zitarice
Murina;99;414;1,3;17,6;2,7;Riba
Napolitanke prosjecno;550;2299;62;4;32;Slatkisi
Narandza;63;262;15,5;1,3;0,3;Voce
Nektarina;44;185;10,55;1,06;0,32;Voce
Oslic;71;297;0,1;17;0,3;Riba
Ovcetina (prosjecno);293;1225;0;17;25;Meso
Paprika kisela;15;63;1,7;0,8;0,6;Povrce
Paprika zelena, slatka (mesnata);20;84;4,64;0,86;0,17;Povrce
Paprika zuta, slatka (mesnata);27;112;6,32;1;0,21;Povrce
Paradajz, rajcica;18;75;3,92;0,88;0.20;Voce
Paradajz sos (koncentrat 10);39;163;7;1,7;0;Umaci
Parmezan;411;1718;2;40;27;Mlijecni proizvodi
Pastrmka (pastrva) kalifornijska;195;815;0;21,5;11,4;Riba
Pastrmka (pastrva) potocna;86;359;0;14,7;3;Riba
Patka (samo meso);122;510;0;19,7;4,8;Meso
Patka (srednje masna);341;1425;0;20;29;Meso
Patka divlja;233;974;0;21,1;15,8;Meso
Patlidzan;25;104;5,88;0,98;0,18;Povrce
Pecivo (bijelo brasno);256;1070;47;8;4;Zitarice
Pekmez;261;1091;69;0,6;0;Slatkisi
Pepermint bomboni;392;1639;98;0;0;Slatkisi
Persin (persun) list;36;151;6,33;2,97;0,79;Zacini
Piletina (pileca prsa), bijelo meso, prsa bez kostiju;120;501;0;22,5;2,62;Meso
Piletina (cijelo), prosjecno;230;961;0;17,6;17,7;Meso
Piletina (crno meso batak);126;527;0;19,1;5,5;Meso
Piskoti;391;1634;70;12;7;Slatkisi
Kokosova voda;18;75;4,24;0,22;0;Pica
Prepelica;134;560;0;21,8;4,5;Meso
Przeni badem u seceru;459;1919;65;7,9;18,6;Slatkisi
Puding u prahu;380;1588;95;0;0;Slatkisi
Puran (bijelo meso);134;560;0;22;4,9;Meso
Puran (cijeli);143;598;0;20;7;Meso
Puran (crno meso batak);186;777;0;20,9;11,2;Meso
Puz vinogradski (ocisceni);75;314;2;15;0,8;Meso
Psenica u zrnu (mekane sorte);326;1363;72;10,2;2;Zitarice
Psenica u zrnu (tvrde sorte);332;1388;70;12,7;2,5;Zitarice
Psenicna krupica, griz;333;1392;70;11;1;Zitarice
Psenicne klice;287;1200;20;27;11;Zitarice
Mekinje, psenicne;206;861;26,8;14,1;5,5;Zitarice
Psenicno brasno (puno zrno);318;1329;65,8;13,2;2;Zitarice
Psenicno brasno bijelo;350;1463;80,1;9,8;1,2;Zitarice
Psenicno brasno crno (85 ekst.);327;1367;68,8;12,8;2;Zitarice
Psenicno brasno polubijelo (72 ekst.);337;1409;74,8;11,3;1,2;Zitarice
Radic, crveni;23;96;4,48;1,43;0,25;Povrce
Radic savinjski;16;67;3,2;0,7;0,3;Povrce
Radic zeleni;24;100;3,2;1,8;0,5;Povrce
Rak slatkovodni;71;297;2,9;13,6;0,6;Riba
Kokosovo mlijeko (mleko), u limenci (konzervirano);197;824;2,81;2,02;21,33;Pica
Raza;68;284;0,8;14,2;0,9;Riba
Razeno brasno (100 ekst.);335;1400;75,9;8,2;2;Zitarice
Razeno brasno (60 ekst.);333;1392;73;8;1;Zitarice
Repa bijela;20;84;3,8;0,8;0,3;Povrce
Ribizl crveni i bijeli (beli);56;234;13,8;1,4;0,2;Voce
Ribizl crni;63;264;15,38;1,4;0,41;Voce
Rogac, mljeveni;222;929;88,88;4,62;0,65;Voce
Rotkva crna;28;117;5;2;0;Povrce
Rotkvica crvena;16;66;3,4;0,68;0,1;Povrce
Salama govedja trajna;417;1743;0;25,4;34,7;Meso
Salama trajna (milanska);475;1985;0;22,5;42,8;Meso
Salama trajna (svinjsko + govedje);454;1898;0;27,4;38,3;Meso
Salama trajna (svinjsko);465;1944;0;34,5;36,3;Meso
Salama, pileca, pureca;197;823;0,7;16,6;13,8;Meso
Salata glavatica;12;50;1,2;1;0,4;Meso
Salata zelena;13;54;2,23;1,35;0,22;Povrce
Sardela (srdela, sardina), svjeza (sirova);160;669;0;20;8;Riba
Sardela (srdela, sardina) konzervirana, (samo riba);208;871;0;24,62;11,45;Riba
Sardina (srdela, sardela) konzervirana (u ulju);334;1396;0;19,7;28,3;Riba
Sipa;72;301;0,8;14;1,4;Riba
Sir kravlji svjezi (cottage);95;397;3;14;3;Mlijecni proizvodi
Sir kravlji svjezi (obrano);72;301;2,7;12,4;1;Mlijecni proizvodi
Sir, rokfor (roquefort);369;1544;2;21,54;30,64;Mlijecni proizvodi
Sirni namaz (20%);174;727;1;20;10;Mlijecni proizvodi
Sirni namaz (30%);219;915;1;20;15;Mlijecni proizvodi
Sirni namaz (40%);251;1049;1;19;19;Mlijecni proizvodi
Bademovo mlijeko (mleko), okus cokolada;50;209;9,38;0,63;1,25;Pica
Bademovo mlijeko (mleko), okus vanilija, sa secerom;38;157;6,59;0,42;1,04;Pica
Caj, crni;0;0;0;0;0;Pica
Kokosovo mlijeko (mleko);230;962;5,54;2,29;23,84;Pica
Napitak, kafa, instant, cikorija;3;14;0,75;0,09;0;Pica
Sirutka (surutka) svjeza;26;109;5,1;0,9;0,3;Mlijecni proizvodi
Sirutka (surutka) u prahu;349;1459;73,5;12,9;1,1;Mlijecni proizvodi
Sjemenke bundeve oljustene (susene);554;2316;15;29;46;Povrce
Sjemenke (seme) maka;525;2196;28,13;17,99;41,56;Zacini
Sjemenke suncokreta, suve (susene), oljustene;584;2445;20;20,78;51,46;Voce
Sjemenke (seme) susama (sezam);573;2397;23,45;17,73;49,67;Zacini
Skusa (lokarda);184;769;0;19;12;Riba
Sladoled;222;929;22,2;4,1;13;Slatkisi
Slanina (suva, susena) masna;781;3265;0;4;85;Meso
Slanina (suva, susena) mesnata;506;2115;0;14;50;Meso
Slanina svinjska (sirova, bez koze);784;3277;0;3,2;85,4;Meso
Slanina svinjska (sirova, soljena);782;3269;0;3,9;85;Meso
Leblebija (slanutak), suva;364;1523;60,65;19,3;6,04;Povrce
Slatko od tresanja;287;1200;71,42;0,51;0,06;Slatkisi
Smokva, suva (susena);249;1041;63,87;3,3;0,93;Voce
Smokva;74;310;19,18;0,75;0,3;Voce
Soja fermentirana;206;861;25;13;6;Povrce
Soja komadici, ljuskice;357;1492;31,7;52;1,5;Povrce
Sojin sir (tofu);72;301;2,5;7,8;4,2;Gotova jela
Sojino brasno (mast ekstrahir.);346;1446;30;52;2;Povrce
Brasno, sojino;434;1816;31,92;37,81;20,65;Povrce
Sok od grejpa (grejpfrut);39;163;9,2;0,5;0,1;Pica
Sok od grozdja u limenci;57;237;14,55;0;0;Pica
Sok od jabuke;46;191;11,3;0,1;0,13;Pica
Sok od mrkve;40;165;9,28;0,95;0,15;Pica
Sok od narandze, cijedjen;45;188;10,4;0,7;0,2;Pica
Sok od borovnice u limenci;38;158;12;0;0;Pica
Som;95;397;0;16,4;2,8;Riba
Pivo, svijetlo (svetlo), regularno;43;180;3,55;0,46;0;Pica
Svinjetina bez masti;161;673;0;20;9;Meso
Svinjetina masna;371;1551;0;14;35;Meso
Svinjetina srednje masna;280;1170;0;16;24;Meso
Tartar umak;211;883;13,3;1;16,7;Umaci
Tartuf;37;155;0,2;4,4;2;Povrce
Teletina bez masti;113;472;0;21,3;3,1;Meso
Teletina masna;204;853;0;18,1;14,6;Meso
Teletina srednje masna;160;669;0;19,1;9,3;Meso
Tjestenina bez jaja;336;1404;77,4;10,8;0,3;Zitarice
Tjestenina kuhana;141;589;28,35;4,7;0,6;Zitarice
Tjestenina sa jajima;368;1538;78,6;13;2,4;Zitarice
Tost (bijelo brasno);297;1241;64,9;9,6;1,7;Zitarice
Tresnja;63;263;16,01;1,06;0,2;Voce
Trlja blatarica;139;581;1,1;16;7,9;Riba
Trlja kamenjarka (barbun);109;456;1,2;15,7;4,6;Riba
Tunjevina, tuna, sirova;144;602;0;23,33;4,9;Riba
Tunjevina, tuna, konzervirana u ulju, ocijedjena;186;778;0;26,6;8,09;Riba
Ugor;147;614;0,1;19,1;7,8;Riba
Ulje bakalara iz jetre;902;3774;0;0;100;Masnoce
Ulje bucino (ulje iz sjemenki bundeve);857;3586;0;0;100;Masnoce
Ulje kikiriki (ulje od kikirikija);884;3699;0;0;100;Masnoce
Ulje od kokosa (kokosovo ulje);892;3730;0;0;99,06;Masnoce
Ulje maslinovo;884;3699;0;0;100;Masnoce
Ulje kukuruzno (ulje od kukuruznih klica);900;3766;0;0;100;Masnoce
Ulje od psenicnih klica;884;3699;0;0;100;Masnoce
Ulje repino;900;3762;0;0;99,9;Masnoce
Ulje susamovo (sezamovo);884;3699;0;0;100;Masnoce
Ulje sojino;884;3699;0;0;100;Masnoce
Ulje suncokretovo;884;3699;0;0;100;Masnoce
Viski;250;1046;0,1;0;0;Pica
Visnja;50;209;12,18;1;0,3;Voce
Svinjski vrat, suvi (suseni), suvo meso;450;1881;1,4;20,8;40,2;Meso
Vrganj;82;343;9,5;7,39;1,7;Povrce
Cokolada;512;2140;51;5;32;Slatkisi
Cokolada mlijecna;528;2207;51;9;32;Slatkisi
Cokolada s lesnjacima;610;2550;28;12;50;Slatkisi
Cokolada za kuhanje;564;2358;63,5;14,11;28,22;Slatkisi
Cokoladni bomboni;490;2048;68;5;22;Slatkisi
Cokoladni bomboni s likerom;400;1672;42;3;19;Slatkisi
Namaz od ljesnjaka, nutela (nutella), Ferrero;539;2252;57,5;6,3;30,9;Slatkisi
Cokoladno mlijeko (mleko), punomasno;92;385;10;3;4;Mlijecni proizvod
Cvarci;524;2190;0;40,8;40;Meso
Sampinjoni gljive (pecurke);22;93;3,26;3,09;0,34;Povrce
Saran;127;531;0,7;15,8;6,8;Riba
Secer kristal;400;1672;99,9;0;0;Slatkisi
Secer smedji (djelomicno raf.);380;1588;95;0;0;Slatkisi
Secer u prahu;380;1588;95;0;0;Slatkisi
Ogrozd;44;184;10,18;0,88;0,58;Voce
Skampi;91;380;0,5;16,9;1,9;Riba
Skrpina;87;364;0;19,3;0,5;Riba
Sljiva;46;192;11,42;0,7;0,28;Voce
Sljiva suva (susena);240;1006;63,88;2,18;0,38;Voce
Sparoge (spargle), smrznute;24;100;4,1;3,23;0,23;Povrce
Sparoge (spargle);20;85;3,88;2,2;0,12;Povrce
Spinat (spanac, zelje);23;97;3,63;2,86;0,39;Povrce
Stuka;85;355;0;17,4;1,7;Riba
Sunka bez masti;153;640;0;28;4,6;Meso
Sunka dimljena kuvana;412;1722;0;21,1;36,4;Meso
Sunka dimljena susena;434;1814;0;22,8;38,1;Meso
Sunka presana (bez masti);129;539;0,8;15,6;7,1;Meso
Sunka pureca/pileca;128;535;0,37;19,03;5,09;Meso
Zablji kraci;73;305;0;16,4;0,3;Meso
Zumance (zumanjak) kokosje;322;1346;3,59;15,86;26,54;Jaja
Zec (zecetina, kunic) divljac;136;523;0;20;5;Meso
Panirani riblji stapici;193;877;18,2;11;8,3;Riba
Panirane lignje (stapici);180;752;12,9;13,4;8;Riba
Panirani oslic (fileti);140;592;20,2;11,8;1,3;Riba
Panirani fisburger (fishburger) pljeskavica;142;607;23,3;7,9;1,4;Riba
Panirani surimi (stapici);208;869;27;7;8;Riba
Surimi;99;414,5;6,85;15,18;0,9;Riba
Bakalar fileti;118,4;496,8;0;18;5,13;Riba
Losos fileti;99;416;0;17,4;3,38;Riba
Oslic fileti;118,4;496,8;0;18;5,13;Riba
Papalina;293;1229;0;25,5;21,5;Riba
Musmule (musmulje);43;406;8,6;0,5;0,2;Voce
Ulje lana (Laneno ulje);884;3700;0;0,11;99,98;Masnoce
Avokado;160;669;8,53;2;14,66;Voce
Coca cola;44;184;12;0;0;Pica
Coca cola zero;0,2;0,9;0;0;0;Pica
Kupina;43;181;9,61;1,39;0,49;Voce
Kupine, smrznute;64;268;15,67;1,18;0,43;Voce
Malina;52;218;11,94;1,2;0,65;Voce
Panirani surimi racici;205;874;27;7;8;Riba
Pahuljice (krupne), zobene, ovsene ;402;1680;66;14;7;Zitarice
Sok od narandze, cijedjen, bez pulpe;21;87;5,42;0,21;0;Pica
Pepsi;42;176;11,55;0;0;Pica
Red bul (Red Bull);43;179;10,23;0,46;0;Pica
Sprite;40;165;10,14;0,05;0,02;Pica
Dzin (Gin);263;1100;0;0;0;Pica
Rum;231;967;0;0;0;Pica
Vodka;231;967;0;0;0;Pica
Caj, zeleni;1;4;0;0,22;0;Pica
Caj kuvan (kuhan);1;4;0,17;0,06;0;Pica
Kruska;57;239;15,23;0,36;0,14;Voce
Klementine;47;197;12,02;0,85;0,15;Voce
Jagode, zaledjene (smrznute), nezasladjene;35;146;9,13;0,43;0,11;Voce
Kajsija (marelica);48;201;11,12;1,4;0,39;Voce
Papaja;43;179;10,82;0,47;0,26;Voce
Kafa (kava), espreso;9;38;1,67;0,12;0,18;Pica
Nar (sipak, mogranj);83;346;18,7;1,67;1,17;Voce
Hahne corn flakes (zitarice) 0% secera;376;1597;82,7;7,4;1;Zitarice
Paprika crvena, slatka (mesnata);31;129;6,03;0,99;0,3;Povrce
Krastavac, oguljen;12;52;2,16;0,59;0,16;Povrce
Brokoli (brokula) kuvana;35;146;7,18;2,38;0,41;Povrce
Kukuruz, zuti, slatki;86;360;18,7;3,27;1,35;Povrce
Pasulj (grah), crni;341;1425;62,36;21,6;1,42;Povrce
Krompir pire (kucna priprema sa mlijekom i margarinom);113;474;16,94;1,96;4,2;Gotova jela
Sargarepa (mrkva), kuvana (barena), ocijedjena, bez soli;35;147;8,22;0,76;0,18;Povrce
Krompir pire (kucna priprema sa mlijekom i maslacem);113;471;16,81;1,86;4,22;Gotova jela
Kupus, zeleni, kuvan, soljen, ocijedjen;23;97;5,51;1,27;0,06;Povrce
Karfiol (cvjetaca), kuvan (baren), ocijedjen, bez soli;23;96;4,11;1,84;0,45;Povrce
Jam;118;494;27,88;1,53;0,17;Povrce
Spinat (spanac, zelje) kuvan, baren, bez soli;23;96;3,75;2,97;0,26;Povrce
Med;304;1272;82,4;0,3;0;Slatkisi
Secer granulirani;381;1594,1;100;0;0;Slatkisi
Krompir pire (kucna priprema sa mlijekom);83;348;17,57;1,91;0,57;Gotova Jela
Acerola;32;134;7,69;0,4;0,3;Voce
Kandirano voce (sve vrste);322;1345;82,74;0,34;0,07;Voce
Anis (anis) sjeme (seme);337;1411;50,02;17,6;15,9;Zacini
Badem (suvi, przeni, bez soli);597;2497,8;19,44;22,26;53;Voce
Badem (suvi, przeni, posoljeni);597;2497,8;19,44;22,26;53;Voce
Bademovo mlijeko (mleko);15;61;0,58;0,59;1,1;Pica
Bosiljak list, svjez;23;94;2,65;3,15;0,64;Zacini
Bosiljak list, suvi (susen);233;976;47,75;22,98;4,07;Zacini
Brasno, krumpirovo;357;1493;83,1;6,9;0,34;Povrce
Tost;297;1242,6;64,9;9,6;1,7;Zitarice
Ljesnjak (lesnik);628;2637,6;16,7;14,95;60,75;Voce
Kesten;213;891;45,54;2,42;2,26;Voce
Kesten, suvi (suseni), oguljen;369;1544;78,43;5,01;3,91;Voce
Kesten suvi (suseni), neoguljen;374;1565;77,31;6,39;4,45;Voce
Kesten, cijeli, pecen;245;1025;52,96;3,17;2,2;Voce
Orah (orasi);654;2738;13,71;15,23;65,21;Voce
Orah (orasi), brazilski;659;2757;11,74;14,32;67,1;Voce
Kikiriki u ljusci;565;2364;16,25;25,8;49,11;Voce
Kikiriki, suvo-peceni, slani (sve vrste);587;2455;21,26;24,35;49,66;Voce
Kikiriki, suvo-peceni, bez soli (sve vrste);587;2455;21,26;24,35;49,66;Voce
Kikiriki puter (maslac od kikirikija), kremasti, sa soli;598;2501;22,31;22,21;51,36;Umaci
Sojino mlijeko (mleko);54;226;6,28;3,27;1,75;Pica
Sojino mlijeko (mleko), svi okusi, obogaceni vitaminima i mineralima;45;189;3,45;2,94;1,99;Pica
Sojino mlijeko (mleko), cokolada;63;262;9,95;2,26;1,53;Pica
Sojino mlijeko (mleko), bez secera;33;138;1,74;2,86;1,61;Pica
Sampanjac;84;351;2,72;0,07;0;Pica
Sok od brusnice;46;194;12,2;0,39;0,13;Pica
Rizino brasno;347;1451,8;70;7,5;0,5;Zitarice
Breskva, susena (suva);239;1000;61,33;3,61;0,76;Voce
Bukovace, gljive (pecurke);33;139;6,09;3,31;0,41;Povrce
Cappuccino (kapucino) original, Nescafe;389;1641;69,6;9,7;7;Pica
Nescafe 3/1 (classic, original), Instant kafa (kava);425;1788;75;1,6;12,2;Pica
Dud (murva);43;180;9,8;1,44;0,39;Voce
Dagnje kuvane;172;720;7,39;23,8;4,48;Riba
Djumbir korjen (koren);80;335;17,77;1,82;0,75;Zacini
Pivo, djumbirovo;34;142;8,76;0;0;Pica
Grdobina;76;318;0;14,48;1,52;Riba
Grdobina kuvana;97;406;0;18,56;1,95;Riba
Guava;68;285;14,32;2,55;0,95;Voce
Ulje haringe;902;3774;0;0;100;Masnoce
Haringa, fileti u paradajz sosu, konzervirana, Wefina;185;768;4,3;11,5;13,3;Riba
Haringa (sledj), atlantska, pecena;203;849;0;23,03;11,59;Riba
Hobotnica, pecena;164;686;4,4;29,82;2,08;Riba
Indijski orah (orascici);553;2314;30,19;18,22;43,85;Voce
Indijski orah (orascici), pecen, slani;574;2402;32,69;15,31;46,35;Voce
Indijski orah (orascici), pecen, neslani;574;2402;32,69;15,31;46,35;Voce
Jabuka, oguljena (bez kore);48;200;12,76;0,27;0,13;Voce
Jabuka, oguljena (bez kore), kuvana;53;222;13,64;0,26;0,36;Voce
Jabuka, smrznuta, nezasladjena (nezasecerena);48;201;12,31;0,28;0,32;Voce
Jabuka susena (suva);243;1017;65,89;0,93;0,32;Voce
Jaje kokosje, peceno;143;598;0,08;12,6;8,7;Jaja
Jaje kokosje, kuvano, tvrdo-kuvano, posirano;144;602;0,8;12,6;9,6;Jaja
Jakopska (jakobova) kapica, kuvana (barena);216;902;10,13;18,07;10,94;Riba
Kamenice, ostrige (cijele, kuvane);93;389,1;3,9;9,3;3,9;Riba
Pasulj (grah), sareni (tresnjevac), kuvan, soljen;143;600;26,22;9,01;0,65;Povrce
Kapar (kapara, kapari), konzervisan;23;96;4,89;2,36;0,86;Zacini
Karambola;31;128;6,73;1,04;0,33;Voce
Kardamon (kardamom) sjeme (seme);311;1303;68,47;10,76;6,7;Zacini
Kim sjeme (seme);333;1393;49,9;19,77;14,59;Zacini
Klincic (karanfilic);274;1145;65,53;5,97;13;Zacini
Kokice, kokane, pecene u ulju;582;2435,1;45,45;7,3;43,64;Zitarice
Komorac korijen (koren);31;129;7,3;1,24;0,2;Povrce
Mirodjija (kopar) list, suvi (suseni);253;1059;55,82;19,96;4,36;Zacini
Keleraba (koraba, korabica, repa zuta);27;113;6,2;1,7;0,1;Povrce
Keleraba, (koraba, korabica, repa zuta), kuvana, ocijedjena, soljena;29;121;6,69;1,8;0,11;Povrce
Keleraba (koraba, korabica, repa zuta), kuvana (barena), ocijedjena, bez soli;29;121;6,69;1,8;0,11;Povrce
Pahuljice (sitne), zobene, ovsene;360;1517;57;12,5;7;Zitarice
Korijander list, suvi (suseni);279;1167;52,1;21,93;4,78;Zacini
Kruska, susena (suva);262;1096;69,7;1,87;0,63;Voce
Kumin sjeme (seme);375;1567;44,24;17,81;22,27;Zacini
Kumkvat;71;296;15,9;1,88;0,86;Voce
Kurkuma (indijski safran);312;1305;67,14;9,68;3,25;Zacini
Kuskus (kuvan);176;736;36,5;6;0,3;Gotova jela
Limeta;30;126;10,54;0,7;0,2;Voce
Limun, oguljen;29;121;9,32;1,1;0,3;Voce
Limunova kora;47;197;16;1,5;0,3;Voce
Lici (lychee), tresnja;66;276;16,53;0,83;0,44;Voce
Maskarpone (mascarpone);450;1883;2;7;45;Mlijecni proizvodi
Kajsija (marelica), suva (susena);241;1009;62,64;3,39;0,51;Voce
Morski pas (ajkula), pecen;228;954;6,35;18,6;13,76;Riba
Muskantni orascic (orah), muskat, muskat, mljeveni;525;2196;49,29;5,84;36,31;Zacini
Narandzina kora;97;405;25;1,5;0,2;Voce
Origano (mravinac), suvi (suseni);265;1107;68,92;9;4,28;Zacini
Goji bobice, susene (suve);349;1461;77,06;14,26;0,39;Voce
Pastrmka (pastrva) pecena;169;707;0;24,3;7,2;Riba
Pereci;380;1590;79,8;10,3;2,6;Slatkisi
Pileca krila (krilca);222;929;0;18,3;16;Meso
Pileca krila (krilca) pecena;290;1213;0;26,9;19,5;Meso
Pileca krila (krilca) pohovana;324;1356;10,9;19,9;21,8;Meso
Pileca prsa (pohovana);260;1088;9;24,8;13,2;Meso
Pileci batak bez koze;119;498;0;20,6;3,4;Meso
Pileci batak bez koze (pecen);216;904;0;27;11,2;Meso
Pileci batak s kozom;161;674;0;19,3;8,7;Meso
Pileci batak (pohovan);268;1121;8,3;22;15,8;Meso
Pistaci (pistacija), peceni, soljeni;569;2379;27,55;21,05;45,82;Voce
Praziluk (prasa, poriluk);61;255;14,15;1,5;0,3;Povrce
Pureca krila (krilca) pecena;207;866;0;27,7;9,9;Meso
Pureca prsa;111;464;0;24,6;0,7;Meso
Pureca prsa (pecena);135;565;0;30,1;0,7;Meso
Pureci batak (pecen);170;711;0;28,5;5,4;Meso
Hljeb (hleb, kruh) razev (razeni);170;720;34,3;5,2;1,3;Zitarice
Paradajz ceri (cherry);21;88;4,41;1,47;0,3;Voce
Ruzmarin (ruzmarin);131;548;20,7;3,31;5,86;Zacini
Ruzmarin (ruzmarin), suvi (suseni);331;1387;64,06;4,88;15,22;Zacini
Sabljarka (iglun);121;506;0;19,8;4;Riba
Sabljarka (iglun) pecena;155;649;0;25,4;5,1;Riba
Sitake (shiitake) gljive (pecurke);34;141;6,79;2,24;0,49;Povrce
Sipa (pecena);158;661;1,6;32,5;1,4;Riba
Skampi (kuvani);99;414;0;20,9;1,1;Riba
Skampi (przeni);242;1013;11,5;21,4;12,3;Riba
Skarpina;91;381;0;19,4;1;Riba
Skarpina (pecena);118;494;0;24,8;1,3;Riba
Skusa, lokarda (pecena);262;1096;0;23,9;17,8;Riba
Som (pecen);105;439;0;18,5;2,9;Riba
Som (pohovan);229;958;8;18,1;13,3;Riba
Stuka (pecena);113;473;0;24,7;0,9;Riba
Svinjski filet;120;502;0;21;3,4;Meso
Svinjske pljeskavice;342;1431;1,7;13,3;30,9;Meso
Svinjski kotlet (bez kostiju);117;490;0;22,4;2,3;Meso
Svinjski kotlet (s kostima);240;1004;0;28,7;13,1;Meso
Teleca plecka;164;686;0;26,1;5,8;Meso
Teleca rebarca;177;741;0;25,8;7,4;Meso
Teleci but;150;628;0;28,1;3,4;Meso
Teleci odrezak;168;703;0;26,3;6,2;Meso
Tunjevina, tuna, pecena;139;582;0;30;1,2;Riba
Kupus, glavica, crveni;31;130;7,37;1,43;0,16;Povrce
Kupus, glavica, zeleni;25;103;5,8;1,28;0,1;Povrce
Mast biljna;884;3699;0;0;99,97;Masnoce
Sir, svjezi, posni, Dukat;78;328;4,4;11;1,8;Mlijecni proizvodi
Kupus kiseli;18;75;3,57;3,57;0;Povrce
Cips od krompira (krumpira), obicni, slani;532;2227;53,83;6,39;33,98;Gotova jela
Pomfrit (Mcdonalds);324;1356;40,85;4,23;15,49;Gotova jela
Soja sjeme (zrno), zrelo, sirovo;446;1866;30,16;36,49;19,94;Povrce
Sir, feta, meki (u salamuri);263;1100;4,21;14,21;21,32;Mlijecni proizvodi
Salama parizer;523;2190;1;17;47;Meso
Puding od cokolade;134;560;21;3,5;4;Slatkisi
Slatka pavlaka (vrhnje);317;1300;2;3;32;Mlijecni proizvodi
Kisela pavlaka, kiselo vrhnje, 18% mm;192;800;3;3;18;Mlijecni proizvodi
Dimljeni kare (meso suvo, suseno);121;506;1;15;6;Meso
Svinjetina (svinja) divlja;104;435;0;21;2;Meso
Govedina (junetina) masna;307;1284;1;19;25;Meso
Govedina (junetina) jako masna;410;1715;0;14;39;Meso
Govedina (junetina) u konzervi;223;933;0;26;14;Meso
Govedji filet;138;577;0;16;8;Meso
Hladetina;239;1000;1;43;7;Gotova jela
Kackavalj, (kaskaval);389;1628;0;25;32,14;Mlijecni proizvodi
Kroasani (Croissant);410;1715;35;5;25;Zitarice
Senf;60;251;5,83;3,74;3,34;Umaci
Pomfrit, kucna priprema, smrznut, pecen u pecnici, ne posoljen;134;561;27,8;2,6;5,2;Gotova jela
Pomfrit, kucna priprema, smrznut, pecen u pecnici, posoljen;200;837;31,2;3,2;7,6;Gotova jela
Slanina svinjska (kuvana, przena, pecena);542;2268;1,58;36,84;41,58;Meso
Jaje kokosje, kajgana;167;699;2,13;11,15;12,13;Jaja
Sir Livada (Pomurske mlekarne);327;1357;1,4;25,1;24,5;Mlijecni proizvodi
Pirinac, riza, bijelo zrno, kuvano;130;544;28,59;2,38;0,21;Zitarice
Pirinac, riza, bijelo zrno, sirovo;360;1506;79,34;6,61;0,58;Zitarice
Pirinac, riza, parboiled, suva;374;1565;80,89;7,51;1,03;Zitarice
Pirinac, riza, parboiled, kuvana;123;515;26,05;2,91;0,37;Zitarice
Pirinac, riza, integralna, smedja, sirova;362;1515;76,17;7,5;2,68;Zitarice
Pirinac, riza, integralna, smedja, kuvana;112;469;23,51;2,32;0,83;Zitarice
Badem;579;2423;21,55;21,15;49,93;Voce
Salata endivija;17;71;3,35;1,25;0,2;Povrce
Sir, svapski;98;412;3,38;11,12;4,3;Mlijecni proizvodi
Tunjevina, tuna, konzervirana, u salamuri;90;377;0;19,68;0,909;Riba
Kozice, gamberi (gambori), kuvani;99;414;0,2;23,98;0,28;Riba
100% Whey Protein, Professional, Scitec Nutrition;371;1558;4,7;73;6,7;Mlijecni proizvodi
100% Whey Gold Standard Protein, Optimum Nutrition;372;1556;5,92;78,62;3,62;Mlijecni proizvodi
Elite Whey Protein, Dymatize Nutrition;368;1539;6,5;77,42;4,84;Mlijecni proizvodi
Tonus hljeb (hleb, kruh);187;782;43;8,2;1,4;Zitarice
Amino Whey Hydro Protein, The Nutrition;395,8;1656;3,9;85,6;4,2;Mlijecni proizvodi
100% Whey Protein fuel, Twinlab;393,9;1649;12,12;75,75;4,55;Mlijecni proizvodi
Kinoa (kvinoja), svjeza (sirova);368;1539;64,16;14,12;6,07;Zitarice
Kinoa (kvinoja), kuvana;120;502;21,3;4,4;1,92;Zitarice
Hyper Whey Protein, Nutrabolics;375;1569;15,63;62,5;3,125;Mlijecni proizvodi
Bulgur, suvi;342;1431;75,87;12,29;1,33;Zitarice
Bulgur, kuvani;83;347;18,58;3,08;0,24;Zitarice
Sir posni, Ella, mljekara Subotica;55;230;1;12;0;Mlijecni proizvodi
Leca (socivo);352;1473;63,35;24,63;1,06;Povrce
Kafa (kava), turska;38;159;9,56;0,11;0,02;Pica
Kajmak, mladi, kravlji;481;1983;3,2;4,6;50;Mlijecni proizvodi
Leblebija (slanutak), kuvana, ne posoljena;164;686;27,42;8,86;2,59;Povrce
Lan (laneno) sjeme, cijelo zrno;534;2234;28,88;18,29;42,16;Zitarice
Kafa, mljevena;241;1008;10,1;12,2;0,5;Pica
Pica (pizza) sa sirom;267;1117;32,38;12,06;9,68;Gotova jela
Mlijeko (mleko) rizino, mlijeko od pirinca;47;195;9,17;0,28;0,97;Pica
Pica (pizza) sa kobasicom;255;1067;28,028;14,225;9,86;Gotova jela
Pica (pizza) sa sirom, mesom i povrcem;233;975;26,96;16,456;6,84;Gotova jela
Pileca prsa Cekin, u ovitku, Vindija;89,5;379;3;16;1,5;Meso
Mlijeko (mleko), kravlje 2,8% mm;56;234;4,5;3,1;2,8;Mlijecni proizvodi
Slag, slatko vrhnje;257;1075;12,49;3,2;22,22;Mlijecni proizvodi
Keks, Plazma, Bambi;437,2;1836;70,4;11,9;12;Slatkisi
Pileca prsa (Cekin) Dimcek, dimljena, u ovitku, Vindija;93,5;396;2;18;1,5;Meso
Keks, Plazma Diet, Bambi;394;1648;66,2;11,3;11,9;Slatkisi
Hljeb (hleb, kruh), razev (razeni), cjelovite zitarice, Mestemacher;170;720;34,3;5,2;1,3;Zitarice
Hrenovke (virsle), purece;223;933;3,81;12,23;17,29;Meso
Hrenovke (virsle), svinjske;269;1125;0,28;12,81;23,68;Meso
Cokolada Mikado, 72% kakao, Zvecevo;596;2494;46,9;9,8;41;Slatkisi
Cokolada tamna, 85% kakao, The Belgian;588;2428;16,9;9,7;49,9;Slatkisi
Kazein, Micellar Casein Perfection, Body & Fit;372;1556;6,5;82;2;Mlijecni proizvodi
Soja protein, Just Protein, Body & Fit;391;1636;7,4;78,9;4,93;Povrce
Tunjevina, tuna, konzervirana u ulju, neocijedjena;403;1686;0;17,5;37;Riba
Pasirani paradajz Tomatello, Nectar;27;113;4,85;0,9;0,21;Pica
Maltodextrin, My protein;380;1590;94;0;0;Slatkisi
Javorov sirup;261;1093;67,09;0;0,2;Slatkisi
Mlijeko (mleko), kravlje, 0,5% mm;35;149;4,6;3,1;0,5;Mlijecni proizvodi
Bundeva (tikva, dulek, buca, ludaja);26;109;6,5;1;0,1;Povrce
Bundeva (tikva, dulek, buca, ludaja) pulpa, kuvana, ocijedjena, soljena;18;74;4,31;0,72;0,07;Povrce
Bundeva (tikva, dulek, buca, ludaja), pulpa, kuvana, ocjedjena, bez soli;20;83;4,9;0,72;0,07;Povrce
Sjemenke bundeve, pecene;445;1862;53,75;18,6;19,4;Povrce
Tikvica, zelena;17;70;3,11;1,21;0,32;Povrce
Tikvica, zelena, kuvana, neslana (bez soli), ocijedjena;15;64;2,69;1,14;0,36;Povrce
Rastan (rastika, rascika, zeleni kupus), sirov (svjez);36;151;7,1;2,97;0,41;Povrce
Rastan (rastika, rascika, zeleni kupus), kuvan (kuhan), ocjedjen;33;138;5,65;2,71;0,72;Povrce
Jogurt kefir, 3,5% mm;65;272;4,8;3,6;3,5;Mlijecni proizvodi
Jogurt kefir, 2,8% mm;54;229;3,6;3;2,8;Mlijecni proizvodi
Jogurt kefir, 0,9% mm;41;176;4,8;3,6;0,9;Mlijecni proizvodi
Jogurt kefir, 0,5% mm;32;134;3,6;3;0,5;Mlijecni proizvodi
Jogurt grcki;125;520;5,7;3,8;9,7;Mlijecni proizvodi
ABC svjezi krem sir, namaz, Belje;241;1009;3;6,5;22,5;Mlijecni proizvodi
Limun sok 100%, cijedjen;22;92;6,9;0,35;0,24;Pica
Nescafe classic, original, granulirana;63;269;9;7;0,2;Pica
Lisnato tijesto (testo), smrznuto;551;2305;45,1;7,3;38,1;Zitarice
Lisnato tijesto (testo), smrznuto, peceno;558;2335;45,7;7,4;38,5;Zitarice
Cimet;247;1035;80,59;3,99;1,24;Zacini
Ljute papricice (feferoni) zelene, cili (hot chili);40;167;9,46;2;0,2;Povrce
stapici, slani;406;1717;74,4;11;6,5;Slatkisi
Stapici, slani, punjeni kikirikijem;470;1972;55,7;15,6;19,6;Slatkisi
Mlacenica;40;169;4,8;3,3;0,9;Mlijecni proizvodi
Vrhnje za slag, Brzo & Fino, Dukat;317;1304;2,7;2,2;33;Mlijecni proizvodi
Orada (komarca, podlanica, dinigla, lovrata, ovrata, zlatulja, sekulica);96;402;0;18;3;Riba
Impact whey protein, My Protein;390;1646;7,9;71;7,5;Mlijecni proizvodi
Sir, polutvrdi, kravlji, Maasdam (Maasdamer);347;1443;0,1;26;27;Mlijecni proizvodi
Sir, djelimicno obrano kravlje mlijeko, Mozzarella (Mocarela);254;1063;2,77;24,26;15,92;Mlijecni proizvodi
Cokolada tamna, 75% kakao, Najljepse Zelje, Stark;552;2310;33;10;40;Slatkisi
Sir, kravlji, niskomasno, djelimicno obrano mlijeko, Mozzarella (Mocarela),;301;1259;6,36;24,58;19,72;Mlijecni proizvodi
Datulja (datula, urma) susena (suva, suha);282;1180;75,03;2,45;0,39;Voce
Kore za pitu, jufke, tijesto (testo) za savijace, svjeze;220;921;64,6;5,6;1,9;Zitarice
Kore za pitu, jufke, tijesto (testo) za savijace, heljdino brasno, svjeze;291;1217;55;8,7;1,1;Zitarice
Kore za pitu, jufke, tijesto (testo) za savijace, integralne, svjeze;291;1217;59,17;11,56;0,9;Zitarice
Vegeta, Podravka;137;583;32;8,5;0,5;Zacini
Ulje od kostica (sjemenki) grozdja;884;3699;0;0;100;Masnoce
Kikiriki Gud Diet, peceni, nesoljeni, Marbo;618;2560;10,2;29,5;49,4;Voce
Pasteta Argeta sa tunjevinom;320;1325;1,8;13;29;Meso
Rizini (pirincani) krekeri;392;1640;81,1;7,1;4,3;Zitarice
Kobasica, cajna;469;1940;0,9;24;41;Meso
Kulen (Kobasica);450;1883;5;24;37;Meso
Complete Whey Protein, Optimum Nutrition;358;1499;19;59,5;4;Mlijecni proizvodi
Govedina, junetina, suva (susena);154;644;2,74;31,1;2;Meso
Zito, kuvano (sa orasima i slagom), desert;425;1778;62;11,2;17;Slatkisi
Cevapi (bez lepinje - govedje/junece meso), svjezi (sirovi);230;962;3,72;19,28;15,45;Meso
Cevapi (bez lepinje - svinjsko/govedje meso), svjezi (sirovi);263;1100;3,72;17,88;19,75;Meso
Cevapi u lepinji (rostilj), porcija od 390 grama;924;3866;85,6;49,3;42;Jela
Paprika (suva, susena), mljevena;282;1181;53,99;14,14;12,89;Zacini
Cappuccino (kapucino), cokolada, Nescafe;396;1670;69,7;8,6;8,2;Pica
Spageti, tjestenina;371;1552;74,67;13,04;1,51;Zitarice
Spageti, tjestenina, integralne;330;1394;62;12;1,5;Zitarice
Sir Gouda, polutvrdi, Paladin, 48% mm;357;1484;0;25,5;28;Mlijecni proizvodi
Sir Edamer, polutvrdi, Paladin, 40% mm;301;1254;0;25;22;Mlijecni proizvodi
Sir Edamer Pizza Gourmet, polutvrdi, Paladin, 30% mm;255;1066;0;27;16;Mlijecni proizvodi
Tortilje (psenicno brasno i sjemenke);313;1319;52,4;8,7;7;Zitarice
Pivo sa vocnim sokom 2%, radler - prosjek;43;180;7,7;0,1;0,2;Pica
Hren (ren) umak, Zvijezda;162;674;9,7;1,6;10;Umaci
Cia (chia) sjemenke;486;2034;42,12;16,54;30,74;Voce
Salvia (kadulja, zalfija), suva (susena), mljevena;315;1317;60,73;10,63;12,75;Zacini
Battery Whey Protein;387;1623;12,3;70;6,3;Mlijecni proizvodi
Pita zeljanica (priblizna vrijednost);207;866;29,12;9,24;6,54;Gotova jela
Keks, Wellness integralni keks sa ovsenim pahuljicama, Bambi;464;1940;57,4;8,9;20,1;Slatkisi
Riblja ikra;143;598;1,5;22,32;6,42;Riba
Riblja ikra, kuvana na pari (barena);204;854;1,92;28,62;8,23;Riba
Keks, Wellness integralni keks sa crnom cokoladom, Bambi;453;1894;58,2;9,9;18,1;Slatkisi
Stanglica (bar), zitarice + jagoda, Vitanova, Pionir;414;1745;72,6;5,3;11;Slatkisi
Stanglica (bar), zitarice + grozdjice, Vitanova, Pionir;413;1743;73,2;5,8;10,6;Slatkisi
Tunjevina, tuna, konzervirana, s povrcem;197;824;6,5;9;13;Riba
Dekstroza, D-glukoza, grozdjani secer;375;1575;100;0;0;Slatkisi
Hljeb (hleb, kruh), proteinski, Mestemacher;264;1100;7,5;22;13,1;Zitarice
Smudj;93;389;0;19,14;1,22;Riba
Ajvar, hajvar, uprzeni, blagi/ljuti;99;412;13;1,5;5,3;Umaci
Tunjevina, tuna, konzervirana, u sopstvenom sosu;128;536;0;23,62;2,97;Riba
Ajvar, hajvar, blagi/ljuti;78;325;11;1,5;4;Umaci
Kukuruzna krupica, palenta;349,36;1463;79;7;2;Zitarice
Dvopek, integralni, Mulino Bianco;391;1649;67,7;12;6;Zitarice
Dvopek, bijelo brasno, Mulino Bianco;392;1640;72;11,5;5;Zitarice
Kisela pavlaka, kiselo vrhnje, 25% mm, Dukat;248;1022;3,2;2,5;25;Mlijecni proizvodi
Kisela pavlaka, kiselo vrhnje, 12% mm, Dukat;136;565;4;3,1;12;Mlijecni proizvodi
Kisela pavlaka, kiselo vrhnje, 20% mm, Dukat;206;852;3,9;2,7;20;Mlijecni proizvodi
Kisela pavlaka, kiselo vrhnje, mileram, 30% mm, Dukat;290;1197;2,8;2,3;30;Mlijecni proizvodi
Kacamak, palenta, pura;441;1845;60;5,6;20;Gotova jela
Cevapi, pureci, Vindon;164;686;0,75;23,18;7,23;Meso
Haringa, fileti u senf sosu, konzervirana, Wefina;186;772;2,6;11,6;14,2;Riba
Haskap (sibirska borovnica, modra kozokrvina, kamcatkica);53;222;14;1;0,3;Voce
Maslacak (divlji radic), list, svjez;45;188;9,2;2,7;0,7;Povrce
Batat (slatki krompir);86;360;20,12;1,57;0,05;Povrce
Ironmaxx 100% Whey Protein, IronMaxx;395;1677;6,3;77,3;6,2;Mlijecni proizvodi
Meksicka mjesavina (mexicki mix), smrznuto mjesano povrce, Ledo;52;217;7,9;2,3;0,5;Povrce
Persimon (kaki, japanska jabuka, mekana jabuka);70;293;18,59;0,58;0,19;Voce
Proso, svjez (sirov);378;1582;72,85;11,02;4,22;Zitarice
Proso, kuvan (baren);119;498;23,67;3,51;1;Zitarice
Proso, brasno;382;1598;75,12;10,75;4,25;Zitarice
Toscana Mix, smrznuto mjesano povrce, Frikom;41;172;2,8;1,4;2,4;Povrce
Sir, mladi President Dukat, Somboled;115,5;484;4;12,5;5,5;Mlijecni proizvodi
Serious Mass, Mass Gainer, Optimum Nutrition;380;1590;74;15;2,1;Mlijecni proizvodi
Divka, Franck;367;1552;74,3;9,8;1,8;Pica
Rizini (pirincani) krekeri, Fiorentini Alimentari;379;1606;80,3;8,8;1,9;Zitarice
Grah (pasulj) crveni, konzervirani, Podravka;114;480;8;4,8;0,3;Povrce
Lignje, svjeze (sirove);92;385;3,08;15,58;1,38;Riba
Pirinac, riza, divlji, crno zrno, suvo (sirovo),;355;1503;73;7;3;Zitarice
Sumsko voce, smrznuto, Ledo;28;116;6,4;0,8;0,05;Voce
Cedevita, narandza;365;1560;84;0;0;Pica
Tost sa sjemenkama, Klas Sarajevo;118,47;789;29,77;6,48;4,83;Zitarice
Mlijeko kravlje kiselo, 2,8% mm, Meggle;54;226;3,6;3;2,8;Mlijecni proizvodi
Iron Whey by Arnold Schwarzenegger Series, Muscle Pharm;370;1548;18,5;68;3;Mlijecni proizvodi
Aronija;47;197;9,6;1,4;0,5;Voce
Lino, Ljesnjak Cokolino, Podravka;417;1762;79;6,5;7,6;Slatkisi
Superior Whey Core Protein, Superior 14 Supplement;408;1722;8,5;76;8;Mlijecni proizvodi
Sir K Plus, svjez, posni, Konzum d.d.;78;328;3;13;1,5;Mlijecni proizvodi
Kikiriki puter (maslac od kikirikija), Smooth Peanut Butter, McEnnedy;651;2695;9,3;27;55;Umaci
Limeta sok 100%, cijedjen, svjez;25;105;8,42;0,42;0,07;Pica
Kikiriki puter (maslac od kikrikija), Body&Fit kikiriki puter - pasta;639;2674;10;27;53;Umaci
Sir, polutvrdi, Smarski Rok 30% mm, Zelene Doline;259;1084;3,1;31,3;13,5;Mlijecni proizvodi
Sir, svjezi, zrnati, K Plus, Konzum d.d.;92;385;1;13;4;Mlijecni proizvodi
Mekinje, zobene (ovsene);246;1029;66,22;17,3;7,03;Zitarice
Umak, Pesto alla Genovese, Barilla;514;2119;5,5;5;62;Umaci
Brusnica, suva (susena);308;1289;82,8;0,17;1,09;Voce
Pirinac, riza, Basmati, suva (sirova);351;1489;77;7,5;1,2;Zitarice
Prsut, svinjski;252;1054;0;30;14,4;Meso
Prsut, govedji;187;782;0;30;7,5;Meso
Kuskus, svjez (sirov);354;1501;70;12;1,9;Zitarice
Srpska kobasica;291;1218;1;11;27;Meso
Zimska kobasica;535;2238;0;21;50;Meso
Svinjska pecenica, susena (suva), suvo meso;345;1443;0;15;30;Meso
Pahuljice, jecmene;357;1516;73,61;10,18;2,24;Zitarice
Lizalo (lizalica), Chupa Chups;389;1630;94;0,9;0,06;Slatkisi
Tortilje (psenicno i kukuruzno brasno);309;1304;51,2;8,2;7,3;Zitarice
Cips od rize (pirinca), Ekozona, bio&bio;381;1612;83,6;4,67;3;Zitarice
Cicoka;73;304;17,44;2;0,01;Povrce
Sir, svjez, Zagrebacki, Dukat;101;423;3;11;5;Mlijecni proizvodi
Jogurt, 0,9% mm;45,7;191;5,1;4,3;0,9;Mlijecni proizvodi
Sir, polutvrdi, Tilzit, Vindija;340;1423;1,9;24,4;26;Mlijecni proizvodi
Hljeb, zrnata stanglica, Pekara Dubravica;312,55;1306;51,41;8,9;8,76;Zitarice
Tost, integralni, Mulino Bianco;260;1095;37,8;10,8;5,5;Zitarice
Sir (posni), svjez, Yezerka, Milex;80;335;13,4;3,8;0,05;Mlijecni proizvodi
Cokoladica, proteinska (okus cokolada), Oatein Flapjack;413;1726;50,3;24,9;11,5;Slatkisi
Cokoladica, bananica cokoladna, Stark;371;1550;74,2;1,5;7,6;Slatkisi
Tunjevina, tuna, odrezak, svjez (sirov), Ledo;110;467;0,01;27,2;0,2;Riba
Spirulina alga u prahu, suva (susena);290;1213;23,9;57,47;7,72;Zacini
Cokolada tamna, 99% kakao, Lindt Excellence;590;2469;8;15;51;Slatkisi
Kivano (kiwano);44;185;7,56;1,78;1,26;Voce
Marinara sos;108;452;9,8;1,4;5,1;Umaci
Pastrmka (pastrva) filet, dimljena (suva, susena);113,7;477,6;3,4;21,1;1,4;Riba
Whey protein, Activlab Muscle Up Protein;386;1663;13;70;6;Mlijecni proizvodi
Kopriva, obarena;42;176;7,49;2,71;0,11;Povrce
Govedja (govedja) kocka (Maggi, Knorr, Podravka, Takovo, Premia) pripremljena 100 ml;6,4;27;0,16;0,36;0,48;Jela
Kokosija kocka (Maggi, Knorr, Podravka, Takovo, Premia) pripremljena 100 ml;7,2;28;0,24;0,36;0,48;Jela
Blitva, kuvana (barena);20;84;4,13;1,88;0,08;Povrce
Sos od jabuka (jabucni sos), kucna priprava;70;293;18;0;0;Jela
Carska mjesavina, smrznuto mjesano povrce, Frikom;11;47;0,4;1,3;0,2;Povrce
Cokolada tamna, 85% kakao, Lindt excellence;575;2406;37,5;12,5;45;Slatkisi
Kobasica kranjska;280;1160;1;15;24;Meso
Agavin sirup (sirup od agave), zasladjivac;310;1297;76,37;0,09;0,45;Slatkisi
Sir, posni, svjez, mljekara Pilos, Lidl;82;343;2;14;2;Mlijecni proizvodi
Grasak i mrkva, smrznuto mjesano povrce, Ledo;45;187;7,8;3,4;0,2;Povrce
Mozak, svinjski, svjez (sirov);127;531;0;10,28;9,21;Meso
Sir skuta, posni, svjez, Pilos, Lidl;68;288;4;11,8;0,3;Mlijecni proizvodi
Brasno, ovseno (zobeno), integralno, Vega;348,7;1481;65,7;13,25;3,65;Zitarice
Kikiriki puter (maslac od kikirikija), kremasti, Barney's Best;629;2609;15;26;51;Umaci
Biber crni, mljeveni;251;1050;63,95;10,39;3,26;Zacini
Sarma, kuvana;126;527;10,8;13;4,2;Gotova jela
Rukola (rikula);25;105;3,65;2,58;0,66;Povrce
Kokos;354;1481;15,23;3,33;33,49;Voce
Pomelo;38;159;9,62;0,76;0,04;Voce
Malina, smrznuta, Ledo;25;105;5,6;0,9;0;Voce
Sataras, smrznuto povrce, Ledo;29;121;5,4;1,2;0,3;Povrce
Protein bar, kakao punjenje (cocoa coating), okus sa cokoladom, Tekmar;376;1573;37,8;25;15,8;Slatkisi
Tortilje (psenicno i kukuruzno brasno), Deli Sun;310;1304;50;6,6;8;Zitarice
Datulja (datula, urma);142;594;36,6;2,6;0,6;Voce
Tjestenina, integralna, makaron, Ragusa;330;1394;62;12;1,5;Zitarice
Sir, svjezi, kravlji, punomasni (neobrano mlijeko), Pudja;251;1042;2,7;16,1;19,5;Mlijecni proizvodi
Cokolada tamna, 74% kakao, Bellarom;570;2365;32;9,8;42;Slatkisi
Sutlijas (sutlija, rizin puding);108;451;18,39;3,23;2,15;Gotova jela
Soja sos, Tamari;60;251;5,57;10,51;0,1;Umaci
Soja sos, Heinz;178;756;42;1,1;0,1;Umaci
Smrznuta mjesavina povrca, Lidl;53;222;7;3;1;Povrce
Pahuljice, sojine;464;1941;24;37;23;Povrce
Whey protein, Pure Series, okus cokolada, Bulk Powders;417;1746;10;75;7,5;Mlijecni proizvodi
Pasirani paradajz, sos, Russo;24;104;3,8;1,5;0,1;Umaci
Fit proteinski napitak, okus cokolada, Dukat;51;214;5,2;6;0,5;Mlijecni proizvodi
Pirovo brasno (pir), speltino brasno (spelta), krupnik, krupnica;338;1414;70,19;14,57;2,43;Zitarice
Kobasica, tirolska;291;1207;2,6;14;25;Meso
Dobra ovsena (zobena) kasa, oskus cokolada, Mogador s.r.o.;428;1800;66;6,8;14;Zitarice
Kikiriki puter (maslac od kikirikija), sa komadicima kikirikija, sa soli;589;2464;21,57;24,06;49,94;Umaci
Leca (socivo), crvena (roza);358;1498;63,1;23,91;2,17;Povrce
Balans + Protein coko sejk, Imlek;70;297;9,3;6;1;Mlijecni proizvodi
Sir svjezi, Quark Natur Fit, Dukat;60;250;4,5;10;0,1;Mlijecni proizvodi
Pahuljice, razeve (razene);350;1486;75,19;8,45;1,37;Zitarice
Srce, pilece;153;640;0,71;15,55;9,33;Meso
Kokos u listicima (kokos cips);456;1908;51,85;3,13;27,99;Slatkisi
Heljda (heljdino zrno);343;1435;71,5;13,25;3,4;Zitarice
Granola, cokoladna;348;1456;45,6;10,4;15,25;Zitarice
Komorac sjeme (seme);345;1443;52,29;15,8;14,87;Zacini
Rikota, polumasni svjezi sir,(punomasno mlijeko);174;728;3,04;11,26;12,98;Mlijecni proizvodi
Rikota, polumasni svjezi sir, (obrano mlijeko);138;578;5,14;11,39;7,91;Mlijecni proizvodi
Skusa, fileti sa kozom u biljnom ulju, konzervirana, Eva;389;1607;0;14;37;Riba
Indijski orah, slani przeni, Berny;580;2427;31;18;42;Voce
Amarant;371;1554;62,25;13,56;7,02;Zitarice
Granola domaca sa suvim (susenim) vocem;401;1678;53,5;10,2;17,6;Zitarice
Guma za zvakanje (zvakaca guma, zvaka), bez secera;268;1121;94,8;0;0,4;Slatkisi
Heljda (heljdino zrno), suvo-przena;346;1448;74,95;11,73;2,71;Zitarice
Kukuruzni krekeri;387;1619;83,4;8,1;2,4;Zitarice
Mlijecni namaz, Vajkrem Biser, Mlijekoprodukt d.o.o.;279;1152;4;5;27;Mlijecni proizvodi
Sir, mladi, kozji, Pudja;381;1599;1,9;16,33;30,9;Mlijecni proizvodi
Sok od pomorandze 100%, Life Premium, Nectar;44;187;9,19;0,93;0,09;Pica
Dobra ovsena (zobena) kasa, oskus jabuka i cimet, Mogador s.r.o.;425;1786;68;6,3;13;Zitarice
Muskatna (butternut) bundeva (tikva, dulek, buca, ludaja);45;188;11,69;1;0,1;Povrce
Visokoproteinski hljeb, Klas Sarajevo;262,57;1099;39,03;14;5,77;Zitarice
Cokoladno mlijeko (mleko) 1% mm, Moja Kravica, Imlek;62;264;10;3,3;1;Mlijecni proizvodi
Cokoladno mlijeko (mleko), Dukat;63;268;10,7;2,3;1,1;Mlijecni proizvodi
Sir, svjezi (mladi), 5%mm, Milkos;113;473;4;15;5;Mlijecni proizvodi
Jogurt, balans + protein 0% mm, Imlek;36;150;4;4;0,05;Mlijecni proizvodi
Leca (socivo), kuvana sa soli;114;477;19,54;9,02;0,38;Povrce
Ljute papricice (feferoni) crvene, cili (hot chili);40;166;8,81;1,87;0,44;Povrce
Indijski orah (orascici), przen u ulju, slani;581;2431;30,16;16,84;47,77;Voce
Mirodjija (kopar) sjeme (seme);305;1276;55,17;15,98;14,54;Zacini
Korijander list, svjez;23;95;3,67;2,13;0,52;Zacini
Korijander sjeme (seme);298;1245;54,99;12,37;17,77;Zacini
Sejtan (seitan);370;1548;13,79;75,16;1,85;Zitarice
Vrhnje za kuvanje, Brzo & Fino, Dukat;206;851;4;2,5;20;Mlijecni proizvodi
Kikiriki puter (maslac od kikirikija), kremasti, bez soli;598;2501;22,31;22,21;51,36;Umaci
Kikiriki puter (maslac od kikirikija), sa komadicima kikirikija, bez soli;589;2464;21,57;24,06;49,94;Umaci
Smokva, suva (susena), kuvana;107;449;27,57;1,42;0,4;Voce
Pivo, bezalkoholno;29;123;1,64;0,24;0;Pica
Jabuka, Granny Smith;58;242;13,61;0,44;0,19;Voce
Jabuka, Zlatni Delises (Golden Delicious);57;238;13,6;0,28;0,15;Voce
Jabuka, Crveni Delises (Red Delicious);59;247;14,06;0,27;0,2;Voce
Jabuka, Fuji Kiku;63;265;15,22;0,2;0,18;Voce
Jabuka, Gala;57;237;13,68;0,25;0,12;Voce
Proteinella krem;496;2057;44,9;13,2;35,2;Slatkisi
Sir, svjezi, light, Meggle;82;348;7,2;10;1,5;Mlijecni proizvodi
Bundeva (tikva, dulek, buca, ludaja), pecena;46;192;7,94;1,08;1,75;Povrce
Whey protein, Pure Series, Isolate, okus cokolada, Bulk Powders;382;1598;4;87;2;Mlijecni proizvodi
Sir, tvrdi, ribanac, Sirela;426;1774;3,5;41;27,5;Mlijecni proizvodi
Pasulj (grah), crveni;337;1408;61,29;22,53;1,06;Povrce
Srice, jabukovo (jabucni ocat);21;90;0,93;0;0;Zacini
Vrhnje za kuvanje, lagano (light), Brzo & Fino, Dukat;125;517;5,7;2,9;10;Mlijecni proizvodi
Sir, tvrdi, 32% mm, ribani, San Sebastiano;368;1530;0;32;26;Mlijecni proizvodi
Kvasac, svjez;105;439;18,1;8,4;1,9;Ostalo
Kvasac, suvi (suhi);325;1361;41,22;40,44;7,61;Ostalo
Kakao prah, Centro;340;1415;17;24;11;Slatkisi
Sir, meki, punomasni, Grekos, Mlekara Subotica;183;758;2;11;14,5;Mlijecni proizvodi
Soja sos, Alnatura;87;370;9,9;11;0,1;Umaci
Maticna mlec (mlijec);310;1297;76,19;0;0;Slatkisi
Kukuruz, bijeli (beli), u zrnu;365;1527;74,26;9,42;4,74;Zitarice
Kukuruz, zuti, slatki, konzervisan;67;280;14,34;2,29;1,22;Povrce
Krompir (krumpir), oguljen, pecen (przen), bez soli;93;390;21,55;1,96;0,1;Gotova jela
Krompir (krumpir), oguljen, pecen (przen), slan;93;390;21,55;1,96;0,1;Gotova jela
Krompir (krumpir), cijeli (celi), pecen (przen), slan;93;390;21,15;2,5;0,13;Gotova jela
Krompir (krumpir), cijeli (celi), pecen (przen), bez soli;93;390;21,15;2,5;0,13;Gotova jela
Pasta, tjestenina (testenina), integralna;352;1471;73,37;13,87;2,93;Zitarice
Jogurt Natur, Active Protein, Meggle;78;328;6,4;8,9;1,8;Mlijecni proizvodi
Laneni protein, Granum;378;1583;16,74;34;15,67;Zitarice
Tortilja Mexicana, Fit;356,8;1494;56,99;10,6;8,21;Zitarice
Haringa (sledj), pacificka, pecena;250;1046;0;21,01;17,79;Riba
Rezanci (nudle), od rize (rizini, pirincani), suvi (suseni);364;1523;80,18;5,95;0,56;Zitarice
Rezanci (nudle), od rize (rizini, pirincani), kuvani;108;454;24,01;1,79;0,2;Zitarice
Rezanci (nudle), od jaja, suvi (suseni);384;1609;71,27;14,16;4,44;Zitarice
Tahini (taan), pasta (namaz);595;2489;21,19;17;53,76;Umaci
Hljeb (hleb, kruh), Glukofit, Maxi;259;1088;37,5;8,1;6,6;Zitarice
Cokoladni tartufi (cocoa dusted truffles), Belgid'Or;599;2488;41;4,2;45;Slatkisi
Proteinski bar (proteinska plocica) sa kafom, Bakkalland BA!;390;1635;29;29;13;Slatkisi
Hljeb (hleb, kruh), mijesani iz cijelog zrna, Zitopeka;289,15;1216;40,65;11,45;8,88;Zitarice
Proteinski bar (proteinska plocica) sa bananom, Bakkalland BA!;381;1597;31;27;12;Slatkisi
Proteinski bar (proteinska plocica) sa jagodom, Bakkalland BA!;376;1579;33;29;10;Slatkisi
Skrob (skrob) kukuruzni, Briz;381;1595;91,3;0,3;0,1;Zitarice
Mahune (boranija, buranija), zelene, smrznute, Ledo;39;163;7,5;1,8;0,21;Povrce
Mlijecni napitak, protein, okus cokolada/banana, Z'bregov;65;274;4,9;10;0,5;Mlijecni proizvodi
Proteinski bar (proteinska plocica) sa kikirikijem, Bakkalland BA!;386;1617;25;32;13;Slatkisi
Sirnica (pita sa sirom);318;1331;36,6;10,5;14,3;Gotova jela
Humus (namaz od leblebija), sa sjemenkama bundeve, Ribella;271;1135;8;7;24;Umaci
Humus (namaz od leblebija), pikant, Ribella;252;1055;8;7;21;Umaci
Cokolada, tamna (crna), 80% kakao, Galeb Premium, Pionir;558;2314;31,6;11,2;40,6;Slatkisi
Pecivo za hamburgere, sa susamom (sezamom), Viva il panino, Emmeci Pane s.r.l.;295;1246;52,6;7,8;5,4;Zitarice
Fit proteinski napitak, okus kafa (kava), Dukat;48;205;5,2;6;0,3;Mlijecni proizvodi
Sojino mlijeko (mleko), alpro;39;163;2,5;3;1,8;Pica
Sardine (srdela, sardela) s povrcem, Eva, Podravka;120;504;3,3;15;5,7;Riba
Sriracha, ljuti cili sos;80;335;16;2;0,5;Umaci
Puter (namaz) od indijskog oraha, Lucar;612;2547;19,1;32,1;45,3;Umaci
